HSHD_NUM,PURCHASE_,SPEND,DEPARTMENT,MONTH,YEAR
4711,2018-01-31,4.98,NON-FOOD,1,2018
4711,2018-01-17,3.39,FOOD,1,2018
4711,2018-01-03,1.99,FOOD,1,2018
4711,2018-01-15,2.49,FOOD,1,2018
4711,2018-01-03,1.97,FOOD,1,2018
4711,2018-01-03,2.69,FOOD,1,2018
4711,2018-01-31,6.89,NON-FOOD,1,2018
4711,2018-01-10,2.99,FOOD,1,2018
4711,2018-01-15,1.99,FOOD,1,2018
4711,2018-01-10,1.99,FOOD,1,2018
4711,2018-01-17,2.49,NON-FOOD,1,2018
4711,2018-01-31,1.77,FOOD,1,2018
4711,2018-01-17,13,FOOD,1,2018
4711,2018-01-10,10.66,FOOD,1,2018
4711,2018-01-10,2.49,NON-FOOD,1,2018
4711,2018-01-31,1.47,FOOD,1,2018
4711,2018-01-15,3.15,FOOD,1,2018
4711,2018-01-15,3.79,FOOD,1,2018
4711,2018-01-17,5.99,FOOD,1,2018
4711,2018-01-03,1,FOOD,1,2018
4711,2018-01-31,5.99,NON-FOOD,1,2018
4711,2018-01-10,1.99,FOOD,1,2018
4711,2018-01-10,1,FOOD,1,2018
4711,2018-01-17,1.99,FOOD,1,2018
4711,2018-01-17,4.99,FOOD,1,2018
4711,2018-01-10,2.99,FOOD,1,2018
4711,2018-01-15,4.99,FOOD,1,2018
4711,2018-01-10,1,FOOD,1,2018
4711,2018-01-10,2.79,FOOD,1,2018
4711,2018-01-03,1.32,FOOD,1,2018
4711,2018-01-17,2.99,FOOD,1,2018
4711,2018-01-15,2.79,FOOD,1,2018
4711,2018-01-31,4.76,FOOD,1,2018
4711,2018-01-31,2.49,FOOD,1,2018
4711,2018-01-03,36,NON-FOOD,1,2018
4711,2018-01-31,1.49,FOOD,1,2018
4711,2018-01-03,10.33,FOOD,1,2018
4711,2018-01-17,1.78,FOOD,1,2018
4711,2018-01-03,1.99,FOOD,1,2018
4711,2018-01-15,2.89,FOOD,1,2018
4711,2018-01-31,1.99,FOOD,1,2018
4711,2018-01-10,1.99,FOOD,1,2018
4711,2018-01-03,3.27,FOOD,1,2018
4711,2018-01-03,2.49,FOOD,1,2018
4711,2018-01-10,5.99,NON-FOOD,1,2018
4711,2018-01-03,16.46,FOOD,1,2018
4711,2018-01-03,3.99,FOOD,1,2018
4711,2018-01-15,2.89,FOOD,1,2018
4711,2018-01-03,1,FOOD,1,2018
4711,2018-01-31,1.99,FOOD,1,2018
4711,2018-01-03,3.99,FOOD,1,2018
4711,2018-01-03,3.59,FOOD,1,2018
4711,2018-01-03,1.5,FOOD,1,2018
4711,2018-01-10,2.99,FOOD,1,2018
4711,2018-01-03,3.19,FOOD,1,2018
4711,2018-01-31,5.99,NON-FOOD,1,2018
4711,2018-01-17,5.99,FOOD,1,2018
4711,2018-01-31,1.99,FOOD,1,2018
4711,2018-01-10,1.79,FOOD,1,2018
4711,2018-01-31,1,FOOD,1,2018
4711,2018-01-03,4.75,FOOD,1,2018
4711,2018-01-03,.99,FOOD,1,2018
4711,2018-01-17,8.55,FOOD,1,2018
4711,2018-01-15,1.99,FOOD,1,2018
4711,2018-01-03,2,FOOD,1,2018
4711,2018-01-03,1.99,FOOD,1,2018
4711,2018-01-03,6.49,NON-FOOD,1,2018
4711,2018-01-03,1.99,FOOD,1,2018
4711,2018-01-17,6.98,NON-FOOD,1,2018
4711,2018-02-16,1.99,FOOD,2,2018
4711,2018-02-08,5.99,NON-FOOD,2,2018
4711,2018-02-27,3.29,FOOD,2,2018
4711,2018-02-27,1.99,FOOD,2,2018
4711,2018-02-27,30,FOOD,2,2018
4711,2018-02-28,19.23,FOOD,2,2018
4711,2018-02-08,7.47,NON-FOOD,2,2018
4711,2018-02-08,2.5,FOOD,2,2018
4711,2018-02-16,2.29,FOOD,2,2018
4711,2018-02-08,0,FOOD,2,2018
4711,2018-02-27,2.5,FOOD,2,2018
4711,2018-02-28,2.99,FOOD,2,2018
4711,2018-02-28,1,FOOD,2,2018
4711,2018-02-16,5.49,FOOD,2,2018
4711,2018-02-27,5.49,FOOD,2,2018
4711,2018-02-27,3.98,FOOD,2,2018
4711,2018-02-08,2.49,FOOD,2,2018
4711,2018-02-16,4.49,FOOD,2,2018
4711,2018-02-28,13.99,NON-FOOD,2,2018
4711,2018-02-08,1.67,FOOD,2,2018
4711,2018-02-28,2.99,FOOD,2,2018
4711,2018-02-08,3.99,FOOD,2,2018
4711,2018-02-08,4.49,FOOD,2,2018
4711,2018-02-27,1.99,FOOD,2,2018
4711,2018-02-27,2.59,NON-FOOD,2,2018
4711,2018-02-27,2.5,FOOD,2,2018
4711,2018-02-27,1.99,FOOD,2,2018
4711,2018-02-27,2,NON-FOOD,2,2018
4711,2018-02-28,2.99,FOOD,2,2018
4711,2018-02-08,0,FOOD,2,2018
4711,2018-02-28,2.99,FOOD,2,2018
4711,2018-02-28,4.99,NON-FOOD,2,2018
4711,2018-02-27,.79,NON-FOOD,2,2018
4711,2018-02-28,5.99,NON-FOOD,2,2018
4711,2018-02-16,4,FOOD,2,2018
4711,2018-02-08,1.67,FOOD,2,2018
4711,2018-02-16,1.99,FOOD,2,2018
4711,2018-02-08,5.49,FOOD,2,2018
4711,2018-02-28,5.59,NON-FOOD,2,2018
4711,2018-02-08,1,FOOD,2,2018
4711,2018-02-28,5.49,NON-FOOD,2,2018
4711,2018-02-16,2.49,FOOD,2,2018
4711,2018-02-27,14.97,FOOD,2,2018
4711,2018-02-27,1.79,NON-FOOD,2,2018
4711,2018-02-28,2.39,FOOD,2,2018
4711,2018-02-08,1.66,FOOD,2,2018
4711,2018-03-27,2,FOOD,3,2018
4711,2018-03-27,1.49,NON-FOOD,3,2018
4711,2018-03-06,3.84,FOOD,3,2018
4711,2018-03-27,2.39,FOOD,3,2018
4711,2018-03-27,6.55,FOOD,3,2018
4711,2018-03-06,3,NON-FOOD,3,2018
4711,2018-03-06,1.99,NON-FOOD,3,2018
4711,2018-03-13,4,FOOD,3,2018
4711,2018-03-27,1.29,NON-FOOD,3,2018
4711,2018-03-27,1.29,FOOD,3,2018
4711,2018-03-27,.7,FOOD,3,2018
4711,2018-03-27,1.89,FOOD,3,2018
4711,2018-03-27,1.98,FOOD,3,2018
4711,2018-03-06,6.99,FOOD,3,2018
4711,2018-03-27,4.37,FOOD,3,2018
4711,2018-03-06,9.09,FOOD,3,2018
4711,2018-03-08,1.79,FOOD,3,2018
4711,2018-03-13,5.49,FOOD,3,2018
4711,2018-03-27,1.99,FOOD,3,2018
4711,2018-03-05,14.99,NON-FOOD,3,2018
4711,2018-03-08,3.58,FOOD,3,2018
4711,2018-03-27,4.29,FOOD,3,2018
4711,2018-03-06,2.49,FOOD,3,2018
4711,2018-03-06,2.29,FOOD,3,2018
4711,2018-03-27,1.49,FOOD,3,2018
4711,2018-03-06,1.89,FOOD,3,2018
4711,2018-03-27,2,FOOD,3,2018
4711,2018-03-27,10.99,NON-FOOD,3,2018
4711,2018-03-06,1.88,FOOD,3,2018
4711,2018-03-13,2.69,FOOD,3,2018
4711,2018-03-27,10.47,FOOD,3,2018
4711,2018-03-08,7.99,NON-FOOD,3,2018
4711,2018-03-06,3.7,FOOD,3,2018
4711,2018-03-30,34.99,NON-FOOD,3,2018
4711,2018-03-06,7.99,NON-FOOD,3,2018
4711,2018-03-27,3.99,FOOD,3,2018
4711,2018-03-27,3.19,FOOD,3,2018
4711,2018-03-06,6.89,FOOD,3,2018
4711,2018-03-06,3.34,FOOD,3,2018
4711,2018-03-27,3.98,FOOD,3,2018
4711,2018-03-08,5,FOOD,3,2018
4711,2018-03-06,.83,FOOD,3,2018
4711,2018-03-27,1.69,FOOD,3,2018
4711,2018-03-06,1.99,FOOD,3,2018
4711,2018-03-06,1.99,FOOD,3,2018
4711,2018-03-27,1.25,FOOD,3,2018
4711,2018-03-27,4.39,FOOD,3,2018
4711,2018-03-27,2.39,FOOD,3,2018
4711,2018-04-23,3.99,NON-FOOD,4,2018
4711,2018-04-18,1.99,NON-FOOD,4,2018
4711,2018-04-11,2.19,FOOD,4,2018
4711,2018-04-18,1.29,NON-FOOD,4,2018
4711,2018-04-09,4.99,FOOD,4,2018
4711,2018-04-11,4.99,FOOD,4,2018
4711,2018-04-11,1,FOOD,4,2018
4711,2018-04-23,14.94,FOOD,4,2018
4711,2018-04-18,1.69,FOOD,4,2018
4711,2018-04-23,1.88,FOOD,4,2018
4711,2018-04-02,1.88,FOOD,4,2018
4711,2018-04-11,3.49,FOOD,4,2018
4711,2018-04-11,5.99,FOOD,4,2018
4711,2018-04-02,1.59,NON-FOOD,4,2018
4711,2018-04-02,10.76,FOOD,4,2018
4711,2018-04-02,5.49,FOOD,4,2018
4711,2018-04-23,1.99,FOOD,4,2018
4711,2018-04-11,1,FOOD,4,2018
4711,2018-04-18,2.19,FOOD,4,2018
4711,2018-04-02,5.99,NON-FOOD,4,2018
4711,2018-04-23,1.99,FOOD,4,2018
4711,2018-04-18,14.29,FOOD,4,2018
4711,2018-04-23,2.5,FOOD,4,2018
4711,2018-04-18,1.88,FOOD,4,2018
4711,2018-04-27,13.99,NON-FOOD,4,2018
4711,2018-04-18,8.23,FOOD,4,2018
4711,2018-04-02,3.29,FOOD,4,2018
4711,2018-04-02,.99,FOOD,4,2018
4711,2018-04-09,9.98,NON-FOOD,4,2018
4711,2018-04-11,3.29,FOOD,4,2018
4711,2018-04-18,1.99,FOOD,4,2018
4711,2018-04-23,7.69,FOOD,4,2018
4711,2018-04-11,4.99,PHARMA,4,2018
4711,2018-04-02,2,FOOD,4,2018
4711,2018-04-02,1,NON-FOOD,4,2018
4711,2018-04-09,1,NON-FOOD,4,2018
4711,2018-04-11,3.49,FOOD,4,2018
4711,2018-04-18,3.49,FOOD,4,2018
4711,2018-04-27,3.5,FOOD,4,2018
4711,2018-04-02,3.49,FOOD,4,2018
4711,2018-04-23,1,FOOD,4,2018
4711,2018-04-02,1.79,FOOD,4,2018
4711,2018-04-11,2.99,FOOD,4,2018
4711,2018-04-02,1.88,FOOD,4,2018
4711,2018-04-02,1.5,FOOD,4,2018
4711,2018-04-23,0,FOOD,4,2018
4711,2018-04-18,2.49,FOOD,4,2018
4711,2018-04-23,2.5,NON-FOOD,4,2018
4711,2018-04-18,6.99,NON-FOOD,4,2018
4711,2018-04-27,6.49,NON-FOOD,4,2018
4711,2018-04-11,5.98,FOOD,4,2018
4711,2018-04-18,1.99,FOOD,4,2018
4711,2018-04-23,3,FOOD,4,2018
4711,2018-04-18,2.99,FOOD,4,2018
4711,2018-04-23,1,FOOD,4,2018
4711,2018-04-11,1.49,FOOD,4,2018
4711,2018-04-23,2.5,FOOD,4,2018
4711,2018-04-02,2.5,FOOD,4,2018
4711,2018-04-11,4.58,FOOD,4,2018
4711,2018-04-23,11.99,FOOD,4,2018
4711,2018-04-18,2.49,FOOD,4,2018
4711,2018-04-23,2.69,FOOD,4,2018
4711,2018-04-23,1.79,FOOD,4,2018
4711,2018-04-02,5.99,PHARMA,4,2018
4711,2018-04-09,2.79,FOOD,4,2018
4711,2018-04-18,2.28,FOOD,4,2018
4711,2018-04-18,2.79,FOOD,4,2018
4711,2018-05-29,2.5,FOOD,5,2018
4711,2018-05-29,1.88,FOOD,5,2018
4711,2018-05-15,1.88,FOOD,5,2018
4711,2018-05-09,1.77,FOOD,5,2018
4711,2018-05-07,8.9,FOOD,5,2018
4711,2018-05-07,1.99,NON-FOOD,5,2018
4711,2018-05-09,.99,FOOD,5,2018
4711,2018-05-29,2.49,FOOD,5,2018
4711,2018-05-29,3.18,FOOD,5,2018
4711,2018-05-15,3.18,FOOD,5,2018
4711,2018-05-07,3.29,FOOD,5,2018
4711,2018-05-09,2.99,FOOD,5,2018
4711,2018-05-15,1.78,FOOD,5,2018
4711,2018-05-07,4.13,FOOD,5,2018
4711,2018-05-15,3.54,FOOD,5,2018
4711,2018-05-07,3.34,FOOD,5,2018
4711,2018-05-02,3.17,FOOD,5,2018
4711,2018-05-15,4.99,NON-FOOD,5,2018
4711,2018-05-02,4.99,NON-FOOD,5,2018
4711,2018-05-15,3.49,FOOD,5,2018
4711,2018-05-29,1.88,FOOD,5,2018
4711,2018-05-04,3.99,NON-FOOD,5,2018
4711,2018-05-02,2.79,FOOD,5,2018
4711,2018-05-07,4.99,NON-FOOD,5,2018
4711,2018-05-09,1.77,FOOD,5,2018
4711,2018-05-06,6.99,NON-FOOD,5,2018
4711,2018-05-02,2.59,FOOD,5,2018
4711,2018-05-06,3.49,NON-FOOD,5,2018
4711,2018-05-22,2.5,FOOD,5,2018
4711,2018-05-29,2.99,FOOD,5,2018
4711,2018-05-29,2.29,FOOD,5,2018
4711,2018-05-15,3.49,FOOD,5,2018
4711,2018-05-02,1.99,FOOD,5,2018
4711,2018-05-09,2.99,FOOD,5,2018
4711,2018-05-15,1.67,FOOD,5,2018
4711,2018-05-07,2,FOOD,5,2018
4711,2018-05-09,4.98,FOOD,5,2018
4711,2018-05-15,4.98,FOOD,5,2018
4711,2018-05-02,2.49,FOOD,5,2018
4711,2018-05-09,.99,FOOD,5,2018
4711,2018-05-07,1.69,FOOD,5,2018
4711,2018-05-15,4.99,FOOD,5,2018
4711,2018-05-02,1.99,FOOD,5,2018
4711,2018-05-15,4.58,FOOD,5,2018
4711,2018-05-29,1.59,FOOD,5,2018
4711,2018-05-09,5.54,FOOD,5,2018
4711,2018-05-22,3.79,FOOD,5,2018
4711,2018-05-06,.89,FOOD,5,2018
4711,2018-05-15,3.59,FOOD,5,2018
4711,2018-05-22,2.49,FOOD,5,2018
4711,2018-05-22,1,FOOD,5,2018
4711,2018-05-02,2.69,FOOD,5,2018
4711,2018-05-02,2.49,FOOD,5,2018
4711,2018-05-29,2,FOOD,5,2018
4711,2018-05-02,1.69,FOOD,5,2018
4711,2018-05-02,2.79,FOOD,5,2018
4711,2018-05-15,2.5,FOOD,5,2018
4711,2018-05-22,6.99,FOOD,5,2018
4711,2018-05-22,2.99,FOOD,5,2018
4711,2018-05-22,1.79,FOOD,5,2018
4711,2018-05-22,2.39,FOOD,5,2018
4711,2018-05-29,2.5,FOOD,5,2018
4711,2018-05-29,4.58,FOOD,5,2018
4711,2018-05-02,1.99,FOOD,5,2018
4711,2018-05-07,3.89,FOOD,5,2018
4711,2018-05-29,6.99,FOOD,5,2018
4711,2018-05-15,.62,FOOD,5,2018
4711,2018-05-02,2.99,FOOD,5,2018
4711,2018-05-22,2.5,FOOD,5,2018
4711,2018-05-22,1,FOOD,5,2018
4711,2018-05-28,15,NON-FOOD,5,2018
4711,2018-05-22,1.19,FOOD,5,2018
4711,2018-05-04,4.29,NON-FOOD,5,2018
4711,2018-05-15,2.24,FOOD,5,2018
4711,2018-05-02,8.99,FOOD,5,2018
4711,2018-05-15,.88,FOOD,5,2018
4711,2018-05-15,2.24,FOOD,5,2018
4711,2018-05-04,2.79,FOOD,5,2018
4711,2018-05-15,2.5,FOOD,5,2018
4711,2018-05-22,2.5,FOOD,5,2018
4711,2018-05-09,3.01,FOOD,5,2018
4711,2018-05-07,5.99,NON-FOOD,5,2018
4711,2018-05-29,3.99,NON-FOOD,5,2018
4711,2018-05-06,5.79,FOOD,5,2018
4711,2018-05-22,10.99,FOOD,5,2018
4711,2018-05-15,2.5,FOOD,5,2018
4711,2018-05-22,4.99,FOOD,5,2018
4711,2018-05-06,.89,FOOD,5,2018
4711,2018-05-15,5.63,FOOD,5,2018
4711,2018-05-15,.88,FOOD,5,2018
4711,2018-05-09,2.5,FOOD,5,2018
4711,2018-05-29,5.99,NON-FOOD,5,2018
4711,2018-05-22,2.5,FOOD,5,2018
4711,2018-05-15,1.79,FOOD,5,2018
4711,2018-05-22,8.99,FOOD,5,2018
4711,2018-05-22,4.99,FOOD,5,2018
4711,2018-05-15,2.5,FOOD,5,2018
4711,2018-05-15,2.19,FOOD,5,2018
4711,2018-05-22,2.69,FOOD,5,2018
4711,2018-05-22,2.49,FOOD,5,2018
4711,2018-05-22,2.99,FOOD,5,2018
4711,2018-05-09,1.99,FOOD,5,2018
4711,2018-05-15,1.57,FOOD,5,2018
4711,2018-05-02,2.69,FOOD,5,2018
4711,2018-05-02,2.49,FOOD,5,2018
4711,2018-05-06,4.99,NON-FOOD,5,2018
4711,2018-05-15,3.19,FOOD,5,2018
4711,2018-05-09,.99,FOOD,5,2018
4711,2018-05-29,2.99,FOOD,5,2018
4711,2018-05-02,1.49,FOOD,5,2018
4711,2018-05-07,2.4,FOOD,5,2018
4711,2018-05-22,2.2,FOOD,5,2018
4711,2018-05-15,9.99,NON-FOOD,5,2018
4711,2018-05-15,1.5,FOOD,5,2018
4711,2018-05-29,4.19,FOOD,5,2018
4711,2018-05-15,1.67,FOOD,5,2018
4711,2018-05-22,2.49,FOOD,5,2018
4711,2018-06-04,1.59,FOOD,6,2018
4711,2018-06-12,1.35,FOOD,6,2018
4711,2018-06-25,1.66,FOOD,6,2018
4711,2018-06-04,2.5,FOOD,6,2018
4711,2018-06-25,1.99,FOOD,6,2018
4711,2018-06-12,.85,FOOD,6,2018
4711,2018-06-12,2.79,FOOD,6,2018
4711,2018-06-04,2.99,FOOD,6,2018
4711,2018-06-04,2,FOOD,6,2018
4711,2018-06-19,5.99,NON-FOOD,6,2018
4711,2018-06-04,5.99,NON-FOOD,6,2018
4711,2018-06-19,4.49,FOOD,6,2018
4711,2018-06-04,1.58,FOOD,6,2018
4711,2018-06-25,2.29,FOOD,6,2018
4711,2018-06-25,6.49,NON-FOOD,6,2018
4711,2018-06-12,4.99,NON-FOOD,6,2018
4711,2018-06-12,3.58,FOOD,6,2018
4711,2018-06-04,1.99,FOOD,6,2018
4711,2018-06-06,2.3,FOOD,6,2018
4711,2018-06-25,4.99,FOOD,6,2018
4711,2018-06-19,9.49,FOOD,6,2018
4711,2018-06-25,1.99,FOOD,6,2018
4711,2018-06-19,1.99,FOOD,6,2018
4711,2018-06-12,2,FOOD,6,2018
4711,2018-06-19,0,FOOD,6,2018
4711,2018-06-12,2.49,FOOD,6,2018
4711,2018-06-04,2.79,FOOD,6,2018
4711,2018-06-12,1.79,FOOD,6,2018
4711,2018-06-25,7.58,FOOD,6,2018
4711,2018-06-04,5.98,FOOD,6,2018
4711,2018-06-25,2.49,FOOD,6,2018
4711,2018-06-25,3.99,FOOD,6,2018
4711,2018-06-04,11.15,FOOD,6,2018
4711,2018-06-25,6.99,FOOD,6,2018
4711,2018-06-04,2.49,FOOD,6,2018
4711,2018-06-19,.99,NON-FOOD,6,2018
4711,2018-06-12,3.29,FOOD,6,2018
4711,2018-06-04,1.58,FOOD,6,2018
4711,2018-06-25,5.99,NON-FOOD,6,2018
4711,2018-06-25,1.78,FOOD,6,2018
4711,2018-06-04,1.99,NON-FOOD,6,2018
4711,2018-06-04,1.79,FOOD,6,2018
4711,2018-06-25,2.49,FOOD,6,2018
4711,2018-06-25,.88,FOOD,6,2018
4711,2018-06-19,2.69,FOOD,6,2018
4711,2018-06-12,2.77,FOOD,6,2018
4711,2018-06-25,1.78,FOOD,6,2018
4711,2018-06-04,1.77,FOOD,6,2018
4711,2018-06-04,1,FOOD,6,2018
4711,2018-06-04,1.49,FOOD,6,2018
4711,2018-06-04,9.98,FOOD,6,2018
4711,2018-06-12,1.69,FOOD,6,2018
4711,2018-06-06,3.15,FOOD,6,2018
4711,2018-06-19,1,FOOD,6,2018
4711,2018-06-19,7.27,FOOD,6,2018
4711,2018-06-04,1.49,FOOD,6,2018
4711,2018-06-12,1,FOOD,6,2018
4711,2018-06-12,9.98,FOOD,6,2018
4711,2018-06-25,1.5,NON-FOOD,6,2018
4711,2018-06-19,2.69,FOOD,6,2018
4711,2018-06-12,2.49,FOOD,6,2018
4711,2018-06-25,1.99,FOOD,6,2018
4711,2018-06-12,5.98,FOOD,6,2018
4711,2018-06-25,2,NON-FOOD,6,2018
4711,2018-06-19,2.59,FOOD,6,2018
4711,2018-06-12,2.99,FOOD,6,2018
4711,2018-06-04,4.99,FOOD,6,2018
4711,2018-06-12,3.69,FOOD,6,2018
4711,2018-06-04,2.79,FOOD,6,2018
4711,2018-06-12,1.88,FOOD,6,2018
4711,2018-06-19,2.11,FOOD,6,2018
4711,2018-06-25,4.99,FOOD,6,2018
4711,2018-06-25,2.5,FOOD,6,2018
4711,2018-07-15,6.99,FOOD,7,2018
4711,2018-07-04,6.49,FOOD,7,2018
4711,2018-07-15,1.6,FOOD,7,2018
4711,2018-07-04,2.99,NON-FOOD,7,2018
4711,2018-07-26,2.5,FOOD,7,2018
4711,2018-07-30,1.38,FOOD,7,2018
4711,2018-07-04,.79,FOOD,7,2018
4711,2018-07-25,5,FOOD,7,2018
4711,2018-07-15,1.99,FOOD,7,2018
4711,2018-07-30,4.99,NON-FOOD,7,2018
4711,2018-07-04,6,FOOD,7,2018
4711,2018-07-04,3.17,FOOD,7,2018
4711,2018-07-15,2,FOOD,7,2018
4711,2018-07-15,1,FOOD,7,2018
4711,2018-07-15,1.5,NON-FOOD,7,2018
4711,2018-07-04,3.59,FOOD,7,2018
4711,2018-07-04,5.49,NON-FOOD,7,2018
4711,2018-07-25,1.88,FOOD,7,2018
4711,2018-07-30,1.67,FOOD,7,2018
4711,2018-07-04,1.67,FOOD,7,2018
4711,2018-07-04,3.98,FOOD,7,2018
4711,2018-07-26,2.19,FOOD,7,2018
4711,2018-07-30,4.99,FOOD,7,2018
4711,2018-07-25,2.59,FOOD,7,2018
4711,2018-07-30,1.99,FOOD,7,2018
4711,2018-07-30,.99,FOOD,7,2018
4711,2018-07-30,5.49,FOOD,7,2018
4711,2018-07-26,4.58,FOOD,7,2018
4711,2018-07-04,1.99,FOOD,7,2018
4711,2018-07-15,1.99,FOOD,7,2018
4711,2018-07-26,1.99,FOOD,7,2018
4711,2018-07-15,2.79,FOOD,7,2018
4711,2018-07-15,2.49,FOOD,7,2018
4711,2018-07-30,1.88,FOOD,7,2018
4711,2018-07-04,3.5,FOOD,7,2018
4711,2018-07-15,6,FOOD,7,2018
4711,2018-07-04,2.5,FOOD,7,2018
4711,2018-07-24,3.29,PHARMA,7,2018
4711,2018-07-20,1.98,FOOD,7,2018
4711,2018-07-24,1.99,PHARMA,7,2018
4711,2018-07-30,2.59,FOOD,7,2018
4711,2018-07-30,5.99,FOOD,7,2018
4711,2018-07-15,1.79,FOOD,7,2018
4711,2018-07-26,7.99,FOOD,7,2018
4711,2018-07-30,3.33,FOOD,7,2018
4711,2018-07-26,7.49,FOOD,7,2018
4711,2018-07-24,15,NON-FOOD,7,2018
4711,2018-07-15,1,FOOD,7,2018
4711,2018-07-15,2.5,FOOD,7,2018
4711,2018-07-04,1.78,FOOD,7,2018
4711,2018-07-30,1.79,FOOD,7,2018
4711,2018-07-15,2.99,FOOD,7,2018
4711,2018-07-15,6.99,NON-FOOD,7,2018
4711,2018-07-04,1.74,NON-FOOD,7,2018
4711,2018-07-15,5.99,FOOD,7,2018
4711,2018-07-15,5,FOOD,7,2018
4711,2018-07-30,1.99,FOOD,7,2018
4711,2018-07-26,5.39,FOOD,7,2018
4711,2018-07-26,3.99,FOOD,7,2018
4711,2018-07-15,2.69,FOOD,7,2018
4711,2018-07-04,2.99,FOOD,7,2018
4711,2018-07-26,7.99,FOOD,7,2018
4711,2018-07-04,6.92,FOOD,7,2018
4711,2018-07-15,2.49,FOOD,7,2018
4711,2018-07-30,12.99,FOOD,7,2018
4711,2018-07-15,3,NON-FOOD,7,2018
4711,2018-07-30,2.19,FOOD,7,2018
4711,2018-07-25,11.99,FOOD,7,2018
4711,2018-08-04,3.15,FOOD,8,2018
4711,2018-08-04,1.77,FOOD,8,2018
4711,2018-08-04,3.19,FOOD,8,2018
4711,2018-08-04,1.99,FOOD,8,2018
4711,2018-08-04,2.69,FOOD,8,2018
4711,2018-08-21,4.19,NON-FOOD,8,2018
4711,2018-08-15,2,FOOD,8,2018
4711,2018-08-28,4,FOOD,8,2018
4711,2018-08-21,4,FOOD,8,2018
4711,2018-08-04,4.98,NON-FOOD,8,2018
4711,2018-08-04,4.99,NON-FOOD,8,2018
4711,2018-08-28,2.99,FOOD,8,2018
4711,2018-08-04,1.49,FOOD,8,2018
4711,2018-08-21,4,FOOD,8,2018
4711,2018-08-21,2.97,FOOD,8,2018
4711,2018-08-04,5.99,FOOD,8,2018
4711,2018-08-28,5.99,NON-FOOD,8,2018
4711,2018-08-04,1.99,FOOD,8,2018
4711,2018-08-04,2.5,FOOD,8,2018
4711,2018-08-04,3.69,FOOD,8,2018
4711,2018-08-15,4.99,NON-FOOD,8,2018
4711,2018-08-15,2,FOOD,8,2018
4711,2018-08-21,3.99,FOOD,8,2018
4711,2018-08-15,5.99,FOOD,8,2018
4711,2018-08-28,2.69,FOOD,8,2018
4711,2018-08-15,5.49,NON-FOOD,8,2018
4711,2018-08-21,2,FOOD,8,2018
4711,2018-08-28,1.57,FOOD,8,2018
4711,2018-08-28,2.54,FOOD,8,2018
4711,2018-08-28,1.99,FOOD,8,2018
4711,2018-08-21,1.99,FOOD,8,2018
4711,2018-08-21,2.49,FOOD,8,2018
4711,2018-08-15,2,FOOD,8,2018
4711,2018-08-04,3.79,FOOD,8,2018
4711,2018-08-04,2.49,FOOD,8,2018
4711,2018-08-21,1.79,FOOD,8,2018
4711,2018-08-04,7.49,FOOD,8,2018
4711,2018-08-28,7.49,FOOD,8,2018
4711,2018-08-04,1.33,FOOD,8,2018
4711,2018-08-28,1.99,FOOD,8,2018
4711,2018-08-04,1.79,FOOD,8,2018
4711,2018-08-21,4,FOOD,8,2018
4711,2018-08-21,5.9,FOOD,8,2018
4711,2018-08-28,6.92,FOOD,8,2018
4711,2018-08-04,5.49,FOOD,8,2018
4711,2018-08-15,1.99,FOOD,8,2018
4711,2018-08-04,.99,FOOD,8,2018
4711,2018-08-04,1.49,FOOD,8,2018
4711,2018-08-04,1.99,FOOD,8,2018
4711,2018-08-04,3.79,FOOD,8,2018
4711,2018-08-28,5.65,FOOD,8,2018
4711,2018-08-21,2.5,FOOD,8,2018
4711,2018-08-21,2.5,FOOD,8,2018
4711,2018-08-15,2,FOOD,8,2018
4711,2018-08-28,2.5,FOOD,8,2018
4711,2018-08-15,1.69,FOOD,8,2018
4711,2018-08-28,2.49,FOOD,8,2018
4711,2018-08-21,3.78,FOOD,8,2018
4711,2018-08-28,1.19,FOOD,8,2018
4711,2018-08-21,1.19,NON-FOOD,8,2018
4711,2018-08-28,1,FOOD,8,2018
4711,2018-08-04,2,FOOD,8,2018
4711,2018-08-04,2,FOOD,8,2018
4711,2018-08-28,2.49,FOOD,8,2018
4711,2018-08-21,2,FOOD,8,2018
4711,2018-08-15,1,FOOD,8,2018
4711,2018-08-28,.35,FOOD,8,2018
4711,2018-08-04,1.98,NON-FOOD,8,2018
4711,2018-08-28,1.99,FOOD,8,2018
4711,2018-08-15,.5,FOOD,8,2018
4711,2018-08-28,3,FOOD,8,2018
4711,2018-08-28,4.99,FOOD,8,2018
4711,2018-08-28,1.99,FOOD,8,2018
4711,2018-08-28,1.69,FOOD,8,2018
4711,2018-09-03,3.38,FOOD,9,2018
4711,2018-09-10,.89,FOOD,9,2018
4711,2018-09-03,4.99,NON-FOOD,9,2018
4711,2018-09-03,4.99,NON-FOOD,9,2018
4711,2018-09-03,1.77,FOOD,9,2018
4711,2018-09-26,1.97,NON-FOOD,9,2018
4711,2018-09-03,1.49,FOOD,9,2018
4711,2018-09-19,2.94,FOOD,9,2018
4711,2018-09-10,3.54,FOOD,9,2018
4711,2018-09-10,3.78,FOOD,9,2018
4711,2018-09-03,7.27,FOOD,9,2018
4711,2018-09-03,.62,FOOD,9,2018
4711,2018-09-03,2.99,FOOD,9,2018
4711,2018-09-03,1.99,FOOD,9,2018
4711,2018-09-03,2.69,FOOD,9,2018
4711,2018-09-26,3.89,FOOD,9,2018
4711,2018-09-03,2.74,FOOD,9,2018
4711,2018-09-03,1.89,FOOD,9,2018
4711,2018-09-03,.99,FOOD,9,2018
4711,2018-09-03,2.79,FOOD,9,2018
4711,2018-09-26,2.5,FOOD,9,2018
4711,2018-09-10,4.99,NON-FOOD,9,2018
4711,2018-09-03,2.99,FOOD,9,2018
4711,2018-09-26,5.99,FOOD,9,2018
4711,2018-09-19,1.49,FOOD,9,2018
4711,2018-09-10,.89,FOOD,9,2018
4711,2018-09-03,4.13,FOOD,9,2018
4711,2018-09-03,2.49,FOOD,9,2018
4711,2018-09-19,7.95,FOOD,9,2018
4711,2018-09-26,1.99,FOOD,9,2018
4711,2018-09-19,1.49,FOOD,9,2018
4711,2018-09-19,8.86,FOOD,9,2018
4711,2018-09-10,9.02,FOOD,9,2018
4711,2018-09-26,2.77,FOOD,9,2018
4711,2018-09-03,1.79,FOOD,9,2018
4711,2018-09-03,9.19,FOOD,9,2018
4711,2018-09-26,1.49,FOOD,9,2018
4711,2018-09-26,1.79,FOOD,9,2018
4711,2018-09-10,1.99,FOOD,9,2018
4711,2018-09-19,4,FOOD,9,2018
4711,2018-09-03,1.67,FOOD,9,2018
4711,2018-09-03,5.99,FOOD,9,2018
4711,2018-09-03,1,FOOD,9,2018
4711,2018-09-03,2.49,FOOD,9,2018
4711,2018-09-03,8.99,FOOD,9,2018
4711,2018-09-03,2.29,FOOD,9,2018
4711,2018-09-19,3.69,NON-FOOD,9,2018
4711,2018-09-03,1.99,FOOD,9,2018
4711,2018-09-03,4.38,FOOD,9,2018
4711,2018-09-03,3.49,FOOD,9,2018
4711,2018-09-10,1.38,FOOD,9,2018
4711,2018-09-19,1.49,FOOD,9,2018
4711,2018-09-19,2.5,FOOD,9,2018
4711,2018-09-26,1.49,FOOD,9,2018
4711,2018-09-03,4.38,FOOD,9,2018
4711,2018-09-26,4.99,FOOD,9,2018
4711,2018-09-10,3.78,FOOD,9,2018
4711,2018-09-03,7.56,FOOD,9,2018
4711,2018-09-03,3.99,NON-FOOD,9,2018
4711,2018-09-03,1.99,FOOD,9,2018
4711,2018-09-03,1.77,FOOD,9,2018
4711,2018-09-26,5.33,FOOD,9,2018
4711,2018-09-10,1,FOOD,9,2018
4711,2018-09-03,1.77,FOOD,9,2018
4711,2018-09-26,3.49,FOOD,9,2018
4711,2018-09-10,1,FOOD,9,2018
4711,2018-09-19,6.17,FOOD,9,2018
4711,2018-09-03,.99,NON-FOOD,9,2018
4711,2018-09-03,5.99,FOOD,9,2018
4711,2018-09-10,3.29,FOOD,9,2018
4711,2018-09-03,2.29,FOOD,9,2018
4711,2018-09-26,1.79,FOOD,9,2018
4711,2018-10-08,1.69,FOOD,10,2018
4711,2018-10-25,3.99,FOOD,10,2018
4711,2018-10-23,9.62,FOOD,10,2018
4711,2018-10-03,2,FOOD,10,2018
4711,2018-10-23,2,FOOD,10,2018
4711,2018-10-08,2.29,FOOD,10,2018
4711,2018-10-08,2.74,FOOD,10,2018
4711,2018-10-23,3.99,FOOD,10,2018
4711,2018-10-16,2.99,FOOD,10,2018
4711,2018-10-08,5.89,NON-FOOD,10,2018
4711,2018-10-23,6.99,FOOD,10,2018
4711,2018-10-03,5.69,FOOD,10,2018
4711,2018-10-08,2.88,FOOD,10,2018
4711,2018-10-08,1.99,FOOD,10,2018
4711,2018-10-08,5.85,FOOD,10,2018
4711,2018-10-16,13.58,FOOD,10,2018
4711,2018-10-16,1.69,FOOD,10,2018
4711,2018-10-16,2.99,FOOD,10,2018
4711,2018-10-16,4,FOOD,10,2018
4711,2018-10-23,6,FOOD,10,2018
4711,2018-10-08,1.99,FOOD,10,2018
4711,2018-10-25,5.98,FOOD,10,2018
4711,2018-10-23,5.99,NON-FOOD,10,2018
4711,2018-10-08,5.99,NON-FOOD,10,2018
4711,2018-10-23,1,FOOD,10,2018
4711,2018-10-08,5.99,FOOD,10,2018
4711,2018-10-23,1.19,FOOD,10,2018
4711,2018-10-23,2,FOOD,10,2018
4711,2018-10-23,2.49,FOOD,10,2018
4711,2018-10-23,3,FOOD,10,2018
4711,2018-10-23,1.6,FOOD,10,2018
4711,2018-10-08,2.98,FOOD,10,2018
4711,2018-10-16,1.49,FOOD,10,2018
4711,2018-10-23,2.98,FOOD,10,2018
4711,2018-10-08,8.62,FOOD,10,2018
4711,2018-10-08,3.99,FOOD,10,2018
4711,2018-10-08,1.99,FOOD,10,2018
4711,2018-10-08,6.99,NON-FOOD,10,2018
4711,2018-10-23,6.99,NON-FOOD,10,2018
4711,2018-10-23,5.99,FOOD,10,2018
4711,2018-10-03,6.99,FOOD,10,2018
4711,2018-10-08,2,FOOD,10,2018
4711,2018-10-03,1.5,FOOD,10,2018
4711,2018-10-08,1.88,FOOD,10,2018
4711,2018-10-08,1.99,FOOD,10,2018
4711,2018-10-16,14.2,FOOD,10,2018
4711,2018-10-16,6.49,FOOD,10,2018
4711,2018-10-23,.8,FOOD,10,2018
4711,2018-10-23,1.88,FOOD,10,2018
4711,2018-10-23,2.49,FOOD,10,2018
4711,2018-10-03,2.5,FOOD,10,2018
4711,2018-10-08,1.88,FOOD,10,2018
4711,2018-10-08,1.99,NON-FOOD,10,2018
4711,2018-10-08,2.99,FOOD,10,2018
4711,2018-10-16,6.79,FOOD,10,2018
4711,2018-10-08,3.78,FOOD,10,2018
4711,2018-10-03,2.99,NON-FOOD,10,2018
4711,2018-10-08,1.99,FOOD,10,2018
4711,2018-10-23,.8,FOOD,10,2018
4711,2018-10-16,2.54,FOOD,10,2018
4711,2018-10-16,6.95,FOOD,10,2018
4711,2018-10-08,0,FOOD,10,2018
4711,2018-10-08,5.99,NON-FOOD,10,2018
4711,2018-10-23,2.99,NON-FOOD,10,2018
4711,2018-10-08,2.5,FOOD,10,2018
4711,2018-10-25,2.99,FOOD,10,2018
4711,2018-10-23,3.59,FOOD,10,2018
4711,2018-11-05,4.98,FOOD,11,2018
4711,2018-11-14,1.99,FOOD,11,2018
4711,2018-11-05,1.99,FOOD,11,2018
4711,2018-11-14,1.99,FOOD,11,2018
4711,2018-11-05,1.6,FOOD,11,2018
4711,2018-11-11,15.99,NON-FOOD,11,2018
4711,2018-11-05,2.49,FOOD,11,2018
4711,2018-11-05,2,FOOD,11,2018
4711,2018-11-05,13.99,NON-FOOD,11,2018
4711,2018-11-14,1.49,FOOD,11,2018
4711,2018-11-26,7.69,FOOD,11,2018
4711,2018-11-26,1.99,FOOD,11,2018
4711,2018-11-05,3.52,FOOD,11,2018
4711,2018-11-05,2.09,NON-FOOD,11,2018
4711,2018-11-05,2,FOOD,11,2018
4711,2018-11-05,1.79,FOOD,11,2018
4711,2018-11-26,3,FOOD,11,2018
4711,2018-11-05,4,FOOD,11,2018
4711,2018-11-11,3.49,FOOD,11,2018
4711,2018-11-14,2.99,FOOD,11,2018
4711,2018-11-05,1,NON-FOOD,11,2018
4711,2018-11-14,3.56,FOOD,11,2018
4711,2018-11-05,1.69,FOOD,11,2018
4711,2018-11-26,.5,FOOD,11,2018
4711,2018-11-05,1.67,FOOD,11,2018
4711,2018-11-05,5.98,FOOD,11,2018
4711,2018-11-14,5.49,FOOD,11,2018
4711,2018-11-26,2.69,FOOD,11,2018
4711,2018-11-14,3.56,FOOD,11,2018
4711,2018-11-05,3.99,FOOD,11,2018
4711,2018-11-26,4.99,FOOD,11,2018
4711,2018-11-14,1.49,FOOD,11,2018
4711,2018-11-05,3.5,NON-FOOD,11,2018
4711,2018-11-05,.8,FOOD,11,2018
4711,2018-11-05,6.92,FOOD,11,2018
4711,2018-11-14,5.99,FOOD,11,2018
4711,2018-11-05,3.38,FOOD,11,2018
4711,2018-11-14,2.5,FOOD,11,2018
4711,2018-11-05,1,FOOD,11,2018
4711,2018-11-26,4.78,FOOD,11,2018
4711,2018-11-05,11.99,NON-FOOD,11,2018
4711,2018-11-05,8.58,FOOD,11,2018
4711,2018-11-05,3.56,FOOD,11,2018
4711,2018-11-05,1.78,FOOD,11,2018
4711,2018-11-05,2.5,FOOD,11,2018
4711,2018-11-14,4.76,FOOD,11,2018
4711,2018-11-26,3,FOOD,11,2018
4711,2018-11-05,9.62,FOOD,11,2018
4711,2018-11-14,1.67,FOOD,11,2018
4711,2018-11-26,6.99,FOOD,11,2018
4711,2018-11-26,5.58,FOOD,11,2018
4711,2018-12-26,1.79,FOOD,12,2018
4711,2018-12-05,3,FOOD,12,2018
4711,2018-12-26,1,FOOD,12,2018
4711,2018-12-31,2,FOOD,12,2018
4711,2018-12-26,1.99,NON-FOOD,12,2018
4711,2018-12-05,2.59,NON-FOOD,12,2018
4711,2018-12-26,5.49,NON-FOOD,12,2018
4711,2018-12-26,6.99,FOOD,12,2018
4711,2018-12-26,4.49,FOOD,12,2018
4711,2018-12-05,2.5,FOOD,12,2018
4711,2018-12-23,1.99,FOOD,12,2018
4711,2018-12-05,2.5,FOOD,12,2018
4711,2018-12-31,5,FOOD,12,2018
4711,2018-12-23,2.5,FOOD,12,2018
4711,2018-12-26,6.99,NON-FOOD,12,2018
4711,2018-12-31,.99,FOOD,12,2018
4711,2018-12-26,2.99,FOOD,12,2018
4711,2018-12-31,2.49,FOOD,12,2018
4711,2018-12-05,4.98,FOOD,12,2018
4711,2018-12-23,8.1,FOOD,12,2018
4711,2018-12-05,5.49,NON-FOOD,12,2018
4711,2018-12-31,6.99,FOOD,12,2018
4711,2018-12-26,1.58,FOOD,12,2018
4711,2018-12-26,2.59,FOOD,12,2018
4711,2018-12-05,5.49,FOOD,12,2018
4711,2018-12-26,4.99,NON-FOOD,12,2018
4711,2018-12-26,1.49,NON-FOOD,12,2018
4711,2018-12-26,8.99,NON-FOOD,12,2018
4711,2018-12-05,2.99,NON-FOOD,12,2018
4711,2018-12-26,2.36,FOOD,12,2018
4711,2018-12-05,2.5,FOOD,12,2018
4711,2018-12-26,4.99,FOOD,12,2018
4711,2018-12-26,1.99,FOOD,12,2018
4711,2018-12-05,5.98,NON-FOOD,12,2018
4711,2018-12-05,2.39,FOOD,12,2018
4711,2018-12-05,1.79,FOOD,12,2018
4711,2018-12-05,2.39,FOOD,12,2018
4711,2018-12-26,2.49,FOOD,12,2018
4711,2018-12-26,1.5,FOOD,12,2018
4711,2018-12-26,1.99,FOOD,12,2018
4711,2018-12-05,12.99,FOOD,12,2018
4711,2018-12-26,2.5,FOOD,12,2018
4711,2018-12-05,3.18,FOOD,12,2018
4711,2018-12-31,1.56,FOOD,12,2018
4711,2018-12-05,2,FOOD,12,2018
4711,2018-12-26,5.99,FOOD,12,2018
4711,2018-12-31,3.98,FOOD,12,2018
4711,2018-12-26,1.49,NON-FOOD,12,2018
4711,2018-12-26,2.5,FOOD,12,2018
4711,2018-12-26,4,FOOD,12,2018
4711,2018-12-05,3.99,FOOD,12,2018
4711,2018-12-31,3.99,FOOD,12,2018
4711,2018-12-05,2.99,NON-FOOD,12,2018
4711,2018-12-26,3.99,FOOD,12,2018
4711,2018-12-05,3.99,FOOD,12,2018
4711,2019-01-04,3.98,FOOD,1,2019
4711,2019-01-08,3.98,FOOD,1,2019
4711,2019-01-08,3.98,FOOD,1,2019
4711,2019-01-08,1.49,FOOD,1,2019
4711,2019-01-04,.75,FOOD,1,2019
4711,2019-01-04,2.99,FOOD,1,2019
4711,2019-01-08,1.67,FOOD,1,2019
4711,2019-01-08,1.49,FOOD,1,2019
4711,2019-01-04,8.71,FOOD,1,2019
4711,2019-01-04,2.5,FOOD,1,2019
4711,2019-01-04,2.04,FOOD,1,2019
4711,2019-01-08,2,FOOD,1,2019
4711,2019-01-08,1,FOOD,1,2019
4711,2019-01-08,2.88,FOOD,1,2019
4711,2019-01-08,1.49,FOOD,1,2019
4711,2019-01-04,1.49,FOOD,1,2019
4711,2019-01-04,2.98,FOOD,1,2019
4711,2019-01-08,1.49,FOOD,1,2019
4711,2019-01-04,2.99,FOOD,1,2019
4711,2019-01-04,10.57,FOOD,1,2019
4711,2019-01-04,2.98,FOOD,1,2019
4711,2019-02-05,10.25,FOOD,2,2019
4711,2019-02-20,2.99,FOOD,2,2019
4711,2019-02-14,2.49,FOOD,2,2019
4711,2019-02-05,2,FOOD,2,2019
4711,2019-02-14,3.39,FOOD,2,2019
4711,2019-02-20,1.79,FOOD,2,2019
4711,2019-02-26,1.79,FOOD,2,2019
4711,2019-02-20,2.19,FOOD,2,2019
4711,2019-02-05,3.99,FOOD,2,2019
4711,2019-02-26,2,FOOD,2,2019
4711,2019-02-26,4.12,FOOD,2,2019
4711,2019-02-05,3.29,FOOD,2,2019
4711,2019-02-20,.99,FOOD,2,2019
4711,2019-02-20,7.55,FOOD,2,2019
4711,2019-02-14,2.69,FOOD,2,2019
4711,2019-02-26,1.18,FOOD,2,2019
4711,2019-02-20,1.18,FOOD,2,2019
4711,2019-02-26,2.98,FOOD,2,2019
4711,2019-02-20,2.49,FOOD,2,2019
4711,2019-02-26,2.49,FOOD,2,2019
4711,2019-02-14,2.99,FOOD,2,2019
4711,2019-02-26,1.79,FOOD,2,2019
4711,2019-02-26,3.18,FOOD,2,2019
4711,2019-02-26,3.99,FOOD,2,2019
4711,2019-02-05,7.98,FOOD,2,2019
4711,2019-02-05,1.67,FOOD,2,2019
4711,2019-02-14,10.19,FOOD,2,2019
4711,2019-02-05,5,FOOD,2,2019
4711,2019-02-26,1,FOOD,2,2019
4711,2019-02-05,7.11,FOOD,2,2019
4711,2019-02-26,1.69,FOOD,2,2019
4711,2019-02-14,5.99,NON-FOOD,2,2019
4711,2019-02-05,1,FOOD,2,2019
4711,2019-02-14,4.5,FOOD,2,2019
4711,2019-02-20,4.99,FOOD,2,2019
4711,2019-02-05,2,FOOD,2,2019
4711,2019-02-14,1.25,FOOD,2,2019
4711,2019-02-14,2,FOOD,2,2019
4711,2019-02-14,4.99,FOOD,2,2019
4711,2019-02-05,31.4,FOOD,2,2019
4711,2019-02-05,2,FOOD,2,2019
4711,2019-02-26,2,FOOD,2,2019
4711,2019-02-20,1,FOOD,2,2019
4711,2019-02-14,5.99,FOOD,2,2019
4711,2019-02-20,.99,FOOD,2,2019
4711,2019-02-26,2,FOOD,2,2019
4711,2019-02-05,2.5,FOOD,2,2019
4711,2019-02-20,1.19,FOOD,2,2019
4711,2019-02-26,1.77,FOOD,2,2019
4711,2019-02-20,1,FOOD,2,2019
4711,2019-02-26,2.99,FOOD,2,2019
4711,2019-02-14,2.29,FOOD,2,2019
4711,2019-02-05,2,FOOD,2,2019
4711,2019-02-26,2.49,FOOD,2,2019
4711,2019-02-20,1.99,FOOD,2,2019
4711,2019-02-26,5.98,FOOD,2,2019
4711,2019-02-14,1.99,FOOD,2,2019
4711,2019-02-26,2.99,FOOD,2,2019
4711,2019-02-26,2.49,FOOD,2,2019
4711,2019-02-14,3.49,FOOD,2,2019
4711,2019-02-05,2.5,FOOD,2,2019
4711,2019-02-20,2.5,FOOD,2,2019
4711,2019-02-26,5.39,FOOD,2,2019
4711,2019-02-26,6.98,FOOD,2,2019
4711,2019-02-20,2.99,FOOD,2,2019
4711,2019-02-26,2.97,FOOD,2,2019
4711,2019-02-05,2.5,FOOD,2,2019
4711,2019-02-14,2.99,NON-FOOD,2,2019
4711,2019-02-05,1.99,FOOD,2,2019
4711,2019-02-05,3.99,NON-FOOD,2,2019
4711,2019-02-26,4.47,FOOD,2,2019
4711,2019-02-26,3.38,FOOD,2,2019
4711,2019-03-26,1.99,FOOD,3,2019
4711,2019-03-12,1.49,FOOD,3,2019
4711,2019-03-20,5.49,NON-FOOD,3,2019
4711,2019-03-26,2.99,FOOD,3,2019
4711,2019-03-12,.99,FOOD,3,2019
4711,2019-03-12,5.8,FOOD,3,2019
4711,2019-03-12,5.49,FOOD,3,2019
4711,2019-03-26,2.5,FOOD,3,2019
4711,2019-03-31,2.79,FOOD,3,2019
4711,2019-03-31,2.99,FOOD,3,2019
4711,2019-03-20,2.99,NON-FOOD,3,2019
4711,2019-03-12,2,FOOD,3,2019
4711,2019-03-26,3.29,FOOD,3,2019
4711,2019-03-20,1.24,FOOD,3,2019
4711,2019-03-20,1.19,FOOD,3,2019
4711,2019-03-12,4.89,FOOD,3,2019
4711,2019-03-12,4.99,FOOD,3,2019
4711,2019-03-20,1.24,FOOD,3,2019
4711,2019-03-20,2.29,FOOD,3,2019
4711,2019-03-26,2,FOOD,3,2019
4711,2019-03-31,2,FOOD,3,2019
4711,2019-03-26,2.59,FOOD,3,2019
4711,2019-03-31,2.49,FOOD,3,2019
4711,2019-03-20,1.79,FOOD,3,2019
4711,2019-03-20,4.49,FOOD,3,2019
4711,2019-03-12,2.97,FOOD,3,2019
4711,2019-03-26,2.65,NON-FOOD,3,2019
4711,2019-03-20,6.14,FOOD,3,2019
4711,2019-03-26,1.98,FOOD,3,2019
4711,2019-03-12,1,FOOD,3,2019
4711,2019-03-26,1,FOOD,3,2019
4711,2019-03-12,1.49,FOOD,3,2019
4711,2019-03-20,15.38,FOOD,3,2019
4711,2019-03-20,2.49,FOOD,3,2019
4711,2019-03-12,2.99,FOOD,3,2019
4711,2019-03-31,.89,FOOD,3,2019
4711,2019-03-12,1.18,FOOD,3,2019
4711,2019-03-12,1.99,FOOD,3,2019
4711,2019-03-12,1.19,FOOD,3,2019
4711,2019-03-12,10,FOOD,3,2019
4711,2019-03-20,2.33,FOOD,3,2019
4711,2019-03-26,2.99,FOOD,3,2019
4711,2019-03-31,5.29,FOOD,3,2019
4711,2019-03-20,3.39,NON-FOOD,3,2019
4711,2019-03-20,2.34,FOOD,3,2019
4711,2019-03-31,1.79,FOOD,3,2019
4711,2019-03-31,10.99,NON-FOOD,3,2019
4711,2019-03-26,2.79,FOOD,3,2019
4711,2019-03-12,1.47,FOOD,3,2019
4711,2019-03-31,2.99,FOOD,3,2019
4711,2019-03-26,3.99,FOOD,3,2019
4711,2019-03-12,4.79,FOOD,3,2019
4711,2019-03-20,1.79,FOOD,3,2019
4711,2019-03-26,3.99,FOOD,3,2019
4711,2019-03-12,2.19,FOOD,3,2019
4711,2019-03-12,4.49,FOOD,3,2019
4711,2019-03-20,1.39,FOOD,3,2019
4711,2019-03-26,1.25,FOOD,3,2019
4711,2019-03-20,3.8,FOOD,3,2019
4711,2019-03-20,2.5,FOOD,3,2019
4711,2019-03-12,.99,FOOD,3,2019
4711,2019-04-16,2.49,FOOD,4,2019
4711,2019-04-09,1.39,FOOD,4,2019
4711,2019-04-09,1.49,FOOD,4,2019
4711,2019-04-09,2.19,FOOD,4,2019
4711,2019-04-09,2.49,FOOD,4,2019
4711,2019-04-09,4.99,NON-FOOD,4,2019
4711,2019-04-16,2,FOOD,4,2019
4711,2019-04-09,1.78,FOOD,4,2019
4711,2019-04-16,1,FOOD,4,2019
4711,2019-04-09,2.99,FOOD,4,2019
4711,2019-04-16,2.99,FOOD,4,2019
4711,2019-04-09,1.69,FOOD,4,2019
4711,2019-04-29,2.5,FOOD,4,2019
4711,2019-04-09,4.79,FOOD,4,2019
4711,2019-04-05,3.49,FOOD,4,2019
4711,2019-04-09,1.88,FOOD,4,2019
4711,2019-04-09,1.99,FOOD,4,2019
4711,2019-04-12,3,FOOD,4,2019
4711,2019-04-09,10.35,FOOD,4,2019
4711,2019-04-16,2.99,FOOD,4,2019
4711,2019-04-05,1.67,FOOD,4,2019
4711,2019-04-09,2,FOOD,4,2019
4711,2019-04-16,4.98,FOOD,4,2019
4711,2019-04-09,2,FOOD,4,2019
4711,2019-04-12,.85,FOOD,4,2019
4711,2019-04-09,1.99,FOOD,4,2019
4711,2019-04-16,1.49,FOOD,4,2019
4711,2019-04-16,4,FOOD,4,2019
4711,2019-04-16,1,FOOD,4,2019
4711,2019-04-05,1.69,FOOD,4,2019
4711,2019-04-16,1,FOOD,4,2019
4711,2019-04-05,11.6,FOOD,4,2019
4711,2019-04-09,1.99,NON-FOOD,4,2019
4711,2019-04-09,6,FOOD,4,2019
4711,2019-04-09,4,FOOD,4,2019
4711,2019-04-09,1.24,FOOD,4,2019
4711,2019-04-05,1.99,FOOD,4,2019
4711,2019-04-05,1,FOOD,4,2019
4711,2019-04-09,3.56,FOOD,4,2019
4711,2019-04-09,1.5,FOOD,4,2019
4711,2019-04-09,1.69,FOOD,4,2019
4711,2019-04-16,3.19,NON-FOOD,4,2019
4711,2019-04-09,4,FOOD,4,2019
4711,2019-04-12,6.99,NON-FOOD,4,2019
4711,2019-04-16,.79,FOOD,4,2019
4711,2019-04-09,4,FOOD,4,2019
4711,2019-05-01,1.5,FOOD,5,2019
4711,2019-05-10,1.5,FOOD,5,2019
4711,2019-05-01,1.99,FOOD,5,2019
4711,2019-05-10,4.79,FOOD,5,2019
4711,2019-05-10,2.29,FOOD,5,2019
4711,2019-05-10,1,FOOD,5,2019
4711,2019-05-01,1,FOOD,5,2019
4711,2019-05-01,1.49,FOOD,5,2019
4711,2019-05-10,2.5,FOOD,5,2019
4711,2019-05-10,3.34,FOOD,5,2019
4711,2019-05-01,4.5,FOOD,5,2019
4711,2019-05-26,3,FOOD,5,2019
4711,2019-05-26,3,FOOD,5,2019
4711,2019-05-01,1.99,FOOD,5,2019
4711,2019-05-10,12.77,FOOD,5,2019
4711,2019-05-01,1.5,FOOD,5,2019
4711,2019-05-01,1.19,FOOD,5,2019
4711,2019-05-01,13.98,FOOD,5,2019
4711,2019-05-01,3.19,FOOD,5,2019
4711,2019-05-01,2.19,FOOD,5,2019
4711,2019-05-01,3,FOOD,5,2019
4711,2019-05-10,2,FOOD,5,2019
4711,2019-05-10,2.99,NON-FOOD,5,2019
4711,2019-05-10,1,FOOD,5,2019
4711,2019-05-01,1.99,FOOD,5,2019
4711,2019-05-21,1.25,FOOD,5,2019
4711,2019-05-01,10,FOOD,5,2019
4711,2019-05-06,15,NON-FOOD,5,2019
4711,2019-05-10,3,FOOD,5,2019
4711,2019-05-10,11.98,FOOD,5,2019
4711,2019-05-01,5.99,FOOD,5,2019
4711,2019-05-10,2.5,FOOD,5,2019
4711,2019-05-10,1,FOOD,5,2019
4711,2019-05-10,1,FOOD,5,2019
4711,2019-05-10,1,FOOD,5,2019
4711,2019-05-01,1.49,FOOD,5,2019
4711,2019-05-10,.79,NON-FOOD,5,2019
4711,2019-05-10,1.69,NON-FOOD,5,2019
4711,2019-05-10,2.99,NON-FOOD,5,2019
4711,2019-05-21,29.99,NON-FOOD,5,2019
4711,2019-05-10,1.49,FOOD,5,2019
4711,2019-05-01,1.99,FOOD,5,2019
4711,2019-06-27,2.33,FOOD,6,2019
4711,2019-06-18,1.49,FOOD,6,2019
4711,2019-06-18,2.19,FOOD,6,2019
4711,2019-06-18,4.49,NON-FOOD,6,2019
4711,2019-06-30,1.99,PHARMA,6,2019
4711,2019-06-18,1.88,FOOD,6,2019
4711,2019-06-27,3.97,FOOD,6,2019
4711,2019-06-22,.88,FOOD,6,2019
4711,2019-06-23,1.69,FOOD,6,2019
4711,2019-06-22,1,NON-FOOD,6,2019
4711,2019-06-22,2.98,FOOD,6,2019
4711,2019-06-30,1.79,FOOD,6,2019
4711,2019-06-18,2.69,FOOD,6,2019
4711,2019-06-27,1.99,FOOD,6,2019
4711,2019-06-27,2.97,FOOD,6,2019
4711,2019-06-18,3.78,FOOD,6,2019
4711,2019-06-22,3.99,FOOD,6,2019
4711,2019-06-22,5.29,NON-FOOD,6,2019
4711,2019-06-23,2.29,NON-FOOD,6,2019
4711,2019-06-23,3,FOOD,6,2019
4711,2019-06-18,1.69,FOOD,6,2019
4711,2019-06-18,.79,NON-FOOD,6,2019
4711,2019-06-27,.88,FOOD,6,2019
4711,2019-06-23,6.89,FOOD,6,2019
4711,2019-06-27,1,FOOD,6,2019
4711,2019-06-22,.99,FOOD,6,2019
4711,2019-06-18,1.79,FOOD,6,2019
4711,2019-06-18,2.49,FOOD,6,2019
4711,2019-06-22,1.99,FOOD,6,2019
4711,2019-06-18,2.98,NON-FOOD,6,2019
4711,2019-06-27,1.78,FOOD,6,2019
4711,2019-06-18,2,NON-FOOD,6,2019
4711,2019-06-27,1.49,FOOD,6,2019
4711,2019-06-18,.79,NON-FOOD,6,2019
4711,2019-06-22,2.79,FOOD,6,2019
4711,2019-06-27,6.92,FOOD,6,2019
4711,2019-06-27,.99,FOOD,6,2019
4711,2019-06-27,1,FOOD,6,2019
4711,2019-06-23,3.37,FOOD,6,2019
4711,2019-06-18,6.99,FOOD,6,2019
4711,2019-06-23,5.58,FOOD,6,2019
4711,2019-06-18,2.67,FOOD,6,2019
4711,2019-06-27,1.99,FOOD,6,2019
4711,2019-06-18,5.99,FOOD,6,2019
4711,2019-06-22,1,NON-FOOD,6,2019
4711,2019-06-18,5,FOOD,6,2019
4711,2019-06-18,2.49,FOOD,6,2019
4711,2019-06-22,1.5,FOOD,6,2019
4711,2019-06-23,3.49,NON-FOOD,6,2019
4711,2019-06-23,4.78,FOOD,6,2019
4711,2019-06-18,1.19,NON-FOOD,6,2019
4711,2019-06-18,2.39,FOOD,6,2019
4711,2019-06-18,1.38,FOOD,6,2019
4711,2019-06-30,6.77,PHARMA,6,2019
4711,2019-06-23,3.99,NON-FOOD,6,2019
4711,2019-06-18,2.69,FOOD,6,2019
4711,2019-07-17,6.89,NON-FOOD,7,2019
4711,2019-07-29,1.99,FOOD,7,2019
4711,2019-07-02,1.5,FOOD,7,2019
4711,2019-07-29,.99,FOOD,7,2019
4711,2019-07-02,4.94,FOOD,7,2019
4711,2019-07-02,1.99,FOOD,7,2019
4711,2019-07-11,1.99,FOOD,7,2019
4711,2019-07-09,2.69,FOOD,7,2019
4711,2019-07-09,2.49,FOOD,7,2019
4711,2019-07-09,3.39,FOOD,7,2019
4711,2019-07-09,2,FOOD,7,2019
4711,2019-07-11,1.99,FOOD,7,2019
4711,2019-07-09,2.5,FOOD,7,2019
4711,2019-07-09,3.49,FOOD,7,2019
4711,2019-07-24,2.36,FOOD,7,2019
4711,2019-07-29,4.45,FOOD,7,2019
4711,2019-07-09,1.39,FOOD,7,2019
4711,2019-07-24,1.99,FOOD,7,2019
4711,2019-07-02,1,FOOD,7,2019
4711,2019-07-09,.99,FOOD,7,2019
4711,2019-07-02,6.78,FOOD,7,2019
4711,2019-07-29,1.49,FOOD,7,2019
4711,2019-07-29,3.69,FOOD,7,2019
4711,2019-07-24,3.69,FOOD,7,2019
4711,2019-07-09,2.29,FOOD,7,2019
4711,2019-07-11,2.99,FOOD,7,2019
4711,2019-07-09,2,FOOD,7,2019
4711,2019-07-09,2.49,FOOD,7,2019
4711,2019-07-29,4.99,NON-FOOD,7,2019
4711,2019-07-09,3.67,FOOD,7,2019
4711,2019-07-24,2,FOOD,7,2019
4711,2019-07-09,1.25,FOOD,7,2019
4711,2019-07-24,1.25,FOOD,7,2019
4711,2019-07-09,2.5,FOOD,7,2019
4711,2019-07-29,1.49,FOOD,7,2019
4711,2019-07-02,2.49,FOOD,7,2019
4711,2019-07-09,3.98,FOOD,7,2019
4711,2019-07-29,5.99,NON-FOOD,7,2019
4711,2019-07-29,1.77,FOOD,7,2019
4711,2019-07-09,3.99,FOOD,7,2019
4711,2019-07-09,1.99,FOOD,7,2019
4711,2019-07-29,1.77,FOOD,7,2019
4711,2019-07-09,1.5,FOOD,7,2019
4711,2019-07-17,2.99,NON-FOOD,7,2019
4711,2019-07-29,8.46,FOOD,7,2019
4711,2019-07-09,2,FOOD,7,2019
4711,2019-07-29,1.99,FOOD,7,2019
4711,2019-07-02,2,FOOD,7,2019
4711,2019-07-02,1.99,FOOD,7,2019
4711,2019-07-29,2.5,FOOD,7,2019
4711,2019-07-02,2.99,FOOD,7,2019
4711,2019-07-11,1.99,FOOD,7,2019
4711,2019-07-02,2.99,FOOD,7,2019
4711,2019-07-29,1.99,NON-FOOD,7,2019
4711,2019-07-09,1.98,FOOD,7,2019
4711,2019-07-29,5.49,NON-FOOD,7,2019
4711,2019-07-29,1.15,FOOD,7,2019
4711,2019-07-02,1.49,FOOD,7,2019
4711,2019-07-29,15.59,NON-FOOD,7,2019
4711,2019-07-02,1.99,FOOD,7,2019
4711,2019-07-02,21.98,FOOD,7,2019
4711,2019-07-24,4.79,FOOD,7,2019
4711,2019-07-29,4.82,FOOD,7,2019
4711,2019-07-02,2.99,NON-FOOD,7,2019
4711,2019-07-19,5.49,NON-FOOD,7,2019
4711,2019-07-02,0,NON-FOOD,7,2019
4711,2019-07-09,1,FOOD,7,2019
4711,2019-07-09,1.59,FOOD,7,2019
4711,2019-07-09,1.76,FOOD,7,2019
4711,2019-07-29,2.5,FOOD,7,2019
4711,2019-07-02,1.99,FOOD,7,2019
4711,2019-07-29,2,FOOD,7,2019
4711,2019-07-24,2.99,FOOD,7,2019
4711,2019-07-09,2.79,FOOD,7,2019
4711,2019-07-02,2.98,FOOD,7,2019
4711,2019-07-29,.5,FOOD,7,2019
4711,2019-07-02,1.49,FOOD,7,2019
4711,2019-07-09,7.57,FOOD,7,2019
4711,2019-07-09,2.5,FOOD,7,2019
4711,2019-07-29,1.79,FOOD,7,2019
4711,2019-07-17,1.99,NON-FOOD,7,2019
4711,2019-07-29,2,FOOD,7,2019
4711,2019-07-17,1.79,FOOD,7,2019
4711,2019-07-02,1.49,FOOD,7,2019
4711,2019-07-11,.69,FOOD,7,2019
4711,2019-07-19,5.99,PHARMA,7,2019
4711,2019-07-09,0,FOOD,7,2019
4711,2019-07-24,1.79,FOOD,7,2019
4711,2019-07-24,1,FOOD,7,2019
4711,2019-07-09,3.39,FOOD,7,2019
4711,2019-08-15,2.99,FOOD,8,2019
4711,2019-08-15,.69,FOOD,8,2019
4711,2019-08-05,2.27,NON-FOOD,8,2019
4711,2019-08-19,-.5,FOOD,8,2019
4711,2019-08-19,1.99,FOOD,8,2019
4711,2019-08-19,1.99,FOOD,8,2019
4711,2019-08-13,1.67,FOOD,8,2019
4711,2019-08-15,1,FOOD,8,2019
4711,2019-08-27,4.99,FOOD,8,2019
4711,2019-08-13,.88,FOOD,8,2019
4711,2019-08-13,2,FOOD,8,2019
4711,2019-08-15,.73,FOOD,8,2019
4711,2019-08-05,.99,FOOD,8,2019
4711,2019-08-27,3.34,FOOD,8,2019
4711,2019-08-05,2.19,FOOD,8,2019
4711,2019-08-15,.99,FOOD,8,2019
4711,2019-08-13,2.99,FOOD,8,2019
4711,2019-08-19,3.99,FOOD,8,2019
4711,2019-08-13,5.99,FOOD,8,2019
4711,2019-08-27,1.79,FOOD,8,2019
4711,2019-08-13,2.99,FOOD,8,2019
4711,2019-08-19,4.64,FOOD,8,2019
4711,2019-08-05,1.77,FOOD,8,2019
4711,2019-08-05,2.25,FOOD,8,2019
4711,2019-08-19,2.5,FOOD,8,2019
4711,2019-08-05,.99,FOOD,8,2019
4711,2019-08-15,1.49,FOOD,8,2019
4711,2019-08-27,1.99,FOOD,8,2019
4711,2019-08-14,1.37,FOOD,8,2019
4711,2019-08-27,1.88,FOOD,8,2019
4711,2019-08-15,5.9,FOOD,8,2019
4711,2019-08-05,1.77,FOOD,8,2019
4711,2019-08-05,5.76,FOOD,8,2019
4711,2019-08-05,3,FOOD,8,2019
4711,2019-08-13,1.79,FOOD,8,2019
4711,2019-08-13,5,FOOD,8,2019
4711,2019-08-27,1,FOOD,8,2019
4711,2019-08-13,2.99,FOOD,8,2019
4711,2019-08-19,1,NON-FOOD,8,2019
4711,2019-08-19,.99,NON-FOOD,8,2019
4711,2019-08-13,1,FOOD,8,2019
4711,2019-08-19,6.53,FOOD,8,2019
4711,2019-08-19,3,NON-FOOD,8,2019
4711,2019-08-05,1.99,FOOD,8,2019
4711,2019-08-27,2.69,FOOD,8,2019
4711,2019-08-19,2.5,FOOD,8,2019
4711,2019-08-13,2.49,FOOD,8,2019
4711,2019-08-27,1.5,FOOD,8,2019
4711,2019-08-19,4.99,FOOD,8,2019
4711,2019-08-27,3.33,FOOD,8,2019
4711,2019-08-15,2.99,FOOD,8,2019
4711,2019-08-15,1.69,FOOD,8,2019
4711,2019-08-05,2.29,FOOD,8,2019
4711,2019-08-27,2.69,FOOD,8,2019
4711,2019-08-15,5.29,FOOD,8,2019
4711,2019-08-05,2.29,FOOD,8,2019
4711,2019-08-05,2,FOOD,8,2019
4711,2019-08-15,3.54,FOOD,8,2019
4711,2019-08-15,.69,FOOD,8,2019
4711,2019-08-27,5.39,FOOD,8,2019
4711,2019-08-13,1,FOOD,8,2019
4711,2019-08-15,.69,FOOD,8,2019
4711,2019-08-05,1.99,FOOD,8,2019
4711,2019-08-19,2.19,FOOD,8,2019
4711,2019-08-27,3.33,FOOD,8,2019
4711,2019-08-19,1,NON-FOOD,8,2019
4711,2019-08-15,.98,FOOD,8,2019
4711,2019-08-15,5.9,FOOD,8,2019
4711,2019-08-19,3.39,FOOD,8,2019
4711,2019-08-05,1.79,FOOD,8,2019
4711,2019-08-19,2.5,FOOD,8,2019
4711,2019-08-05,2.49,FOOD,8,2019
4711,2019-09-04,2.99,FOOD,9,2019
4711,2019-09-25,2.5,FOOD,9,2019
4711,2019-09-08,2.99,FOOD,9,2019
4711,2019-09-08,5.29,FOOD,9,2019
4711,2019-09-04,4.4,FOOD,9,2019
4711,2019-09-25,3.99,NON-FOOD,9,2019
4711,2019-09-16,3.5,FOOD,9,2019
4711,2019-09-11,3,FOOD,9,2019
4711,2019-09-11,1.67,FOOD,9,2019
4711,2019-09-12,1.99,FOOD,9,2019
4711,2019-09-08,2.99,FOOD,9,2019
4711,2019-09-08,1.98,FOOD,9,2019
4711,2019-09-11,.77,FOOD,9,2019
4711,2019-09-11,2.5,FOOD,9,2019
4711,2019-09-12,5,FOOD,9,2019
4711,2019-09-08,2.5,FOOD,9,2019
4711,2019-09-11,1.4,FOOD,9,2019
4711,2019-09-25,3.49,FOOD,9,2019
4711,2019-09-04,2.99,FOOD,9,2019
4711,2019-09-04,5.99,FOOD,9,2019
4711,2019-09-16,5.99,FOOD,9,2019
4711,2019-09-16,1.5,FOOD,9,2019
4711,2019-09-04,1.25,FOOD,9,2019
4711,2019-09-25,2,FOOD,9,2019
4711,2019-09-04,1.5,FOOD,9,2019
4711,2019-09-08,1.5,FOOD,9,2019
4711,2019-09-12,3.79,NON-FOOD,9,2019
4711,2019-09-11,2.99,FOOD,9,2019
4711,2019-09-25,7.99,FOOD,9,2019
4711,2019-09-11,2.5,FOOD,9,2019
4711,2019-09-12,3.99,FOOD,9,2019
4711,2019-09-25,3.99,FOOD,9,2019
4711,2019-09-11,5.93,FOOD,9,2019
4711,2019-09-25,1.79,FOOD,9,2019
4711,2019-09-25,7.62,FOOD,9,2019
4711,2019-09-12,2.99,FOOD,9,2019
4711,2019-09-25,2,FOOD,9,2019
4711,2019-09-16,6.99,FOOD,9,2019
4711,2019-09-04,1.49,FOOD,9,2019
4711,2019-09-04,2,NON-FOOD,9,2019
4711,2019-09-25,1.69,NON-FOOD,9,2019
4711,2019-09-25,.49,FOOD,9,2019
4711,2019-09-16,3.79,FOOD,9,2019
4711,2019-09-04,3,FOOD,9,2019
4711,2019-09-08,1.5,FOOD,9,2019
4711,2019-09-12,3.59,FOOD,9,2019
4711,2019-09-04,3.69,NON-FOOD,9,2019
4711,2019-09-12,5.99,FOOD,9,2019
4711,2019-09-12,2.99,FOOD,9,2019
4711,2019-09-04,3.99,FOOD,9,2019
4711,2019-09-25,3.99,FOOD,9,2019
4711,2019-09-11,5.5,FOOD,9,2019
4711,2019-09-16,1.5,FOOD,9,2019
4711,2019-09-04,.99,FOOD,9,2019
4711,2019-09-12,1,FOOD,9,2019
4711,2019-09-04,1.79,NON-FOOD,9,2019
4711,2019-09-08,5.99,NON-FOOD,9,2019
4711,2019-09-04,2.5,FOOD,9,2019
4711,2019-09-11,6.89,FOOD,9,2019
4711,2019-09-11,1,PHARMA,9,2019
4711,2019-09-04,3.39,FOOD,9,2019
4711,2019-09-22,5.58,NON-FOOD,9,2019
4711,2019-09-25,4.99,NON-FOOD,9,2019
4711,2019-09-08,4.88,FOOD,9,2019
4711,2019-09-11,5,FOOD,9,2019
4711,2019-09-11,2,FOOD,9,2019
4711,2019-09-11,1.47,FOOD,9,2019
4711,2019-09-17,5.99,NON-FOOD,9,2019
4711,2019-09-11,2,FOOD,9,2019
4711,2019-09-11,1.49,FOOD,9,2019
4711,2019-09-25,2,FOOD,9,2019
4711,2019-10-22,4.29,FOOD,10,2019
4711,2019-10-30,4.29,FOOD,10,2019
4711,2019-10-16,4.29,FOOD,10,2019
4711,2019-10-16,2.5,FOOD,10,2019
4711,2019-10-30,3.99,FOOD,10,2019
4711,2019-10-16,2,FOOD,10,2019
4711,2019-10-30,1.67,FOOD,10,2019
4711,2019-10-30,1.99,FOOD,10,2019
4711,2019-10-16,1.25,FOOD,10,2019
4711,2019-10-22,2.99,FOOD,10,2019
4711,2019-10-03,2.19,FOOD,10,2019
4711,2019-10-30,6.89,NON-FOOD,10,2019
4711,2019-10-30,1.99,FOOD,10,2019
4711,2019-10-22,1.99,FOOD,10,2019
4711,2019-10-03,5,FOOD,10,2019
4711,2019-10-30,1.99,FOOD,10,2019
4711,2019-10-16,1.99,FOOD,10,2019
4711,2019-10-03,2.5,FOOD,10,2019
4711,2019-10-16,4.99,NON-FOOD,10,2019
4711,2019-10-16,5.98,NON-FOOD,10,2019
4711,2019-10-03,4,FOOD,10,2019
4711,2019-10-30,2.99,FOOD,10,2019
4711,2019-10-03,4,FOOD,10,2019
4711,2019-10-03,2,FOOD,10,2019
4711,2019-10-30,1.79,FOOD,10,2019
4711,2019-10-16,2.5,FOOD,10,2019
4711,2019-10-03,1.88,FOOD,10,2019
4711,2019-10-16,2.5,FOOD,10,2019
4711,2019-10-03,5,FOOD,10,2019
4711,2019-10-16,2,FOOD,10,2019
4711,2019-10-03,1,FOOD,10,2019
4711,2019-10-03,1,FOOD,10,2019
4711,2019-10-16,2,FOOD,10,2019
4711,2019-10-22,.99,FOOD,10,2019
4711,2019-10-03,2,FOOD,10,2019
4711,2019-10-22,0,FOOD,10,2019
4711,2019-10-16,2.79,FOOD,10,2019
4711,2019-10-16,1.79,FOOD,10,2019
4711,2019-10-16,3.99,NON-FOOD,10,2019
4711,2019-10-03,3.99,FOOD,10,2019
4711,2019-10-16,2.79,FOOD,10,2019
4711,2019-10-30,1.5,FOOD,10,2019
4711,2019-10-16,3,FOOD,10,2019
4711,2019-10-16,3.5,NON-FOOD,10,2019
4711,2019-10-22,2.49,NON-FOOD,10,2019
4711,2019-10-22,2.5,FOOD,10,2019
4711,2019-10-16,2.5,FOOD,10,2019
4711,2019-10-22,2.5,FOOD,10,2019
4711,2019-10-03,1,FOOD,10,2019
4711,2019-10-03,5.62,FOOD,10,2019
4711,2019-10-22,2.99,FOOD,10,2019
4711,2019-10-16,2.5,FOOD,10,2019
4711,2019-10-03,.99,FOOD,10,2019
4711,2019-10-22,2.5,FOOD,10,2019
4711,2019-10-16,2.29,FOOD,10,2019
4711,2019-10-03,2.49,FOOD,10,2019
4711,2019-10-16,1.99,NON-FOOD,10,2019
4711,2019-10-16,2.19,FOOD,10,2019
4711,2019-10-03,1,FOOD,10,2019
4711,2019-10-16,2.99,FOOD,10,2019
4711,2019-10-03,2.5,FOOD,10,2019
4711,2019-11-05,7.48,FOOD,11,2019
4711,2019-11-20,2.99,FOOD,11,2019
4711,2019-11-20,2,FOOD,11,2019
4711,2019-11-20,1.99,FOOD,11,2019
4711,2019-11-20,2.99,FOOD,11,2019
4711,2019-11-05,1.99,FOOD,11,2019
4711,2019-11-20,4.49,FOOD,11,2019
4711,2019-11-05,2.49,FOOD,11,2019
4711,2019-11-27,1,FOOD,11,2019
4711,2019-11-14,1.07,FOOD,11,2019
4711,2019-11-20,2.5,NON-FOOD,11,2019
4711,2019-11-28,2.69,FOOD,11,2019
4711,2019-11-21,15,NON-FOOD,11,2019
4711,2019-11-14,2.99,FOOD,11,2019
4711,2019-11-05,5.39,FOOD,11,2019
4711,2019-11-14,2.5,FOOD,11,2019
4711,2019-11-20,5.49,NON-FOOD,11,2019
4711,2019-11-27,2.49,FOOD,11,2019
4711,2019-11-14,2.99,FOOD,11,2019
4711,2019-11-05,10.49,FOOD,11,2019
4711,2019-11-20,3.29,PHARMA,11,2019
4711,2019-11-14,7.33,FOOD,11,2019
4711,2019-11-05,.99,FOOD,11,2019
4711,2019-11-28,2.29,FOOD,11,2019
4711,2019-11-27,1.79,FOOD,11,2019
4711,2019-11-14,2.5,FOOD,11,2019
4711,2019-11-20,2,FOOD,11,2019
4711,2019-11-05,1.99,FOOD,11,2019
4711,2019-11-14,3.38,FOOD,11,2019
4711,2019-11-20,3.59,FOOD,11,2019
4711,2019-11-05,3.49,FOOD,11,2019
4711,2019-11-20,3.99,NON-FOOD,11,2019
4711,2019-11-20,2,FOOD,11,2019
4711,2019-11-14,3.99,NON-FOOD,11,2019
4711,2019-11-21,4.49,NON-FOOD,11,2019
4711,2019-12-09,1.5,FOOD,12,2019
4711,2019-12-01,1.5,FOOD,12,2019
4711,2019-12-01,2.99,FOOD,12,2019
4711,2019-12-11,1.79,FOOD,12,2019
4711,2019-12-04,4.99,NON-FOOD,12,2019
4711,2019-12-04,3.69,FOOD,12,2019
4711,2019-12-11,3.69,FOOD,12,2019
4711,2019-12-09,3.29,FOOD,12,2019
4711,2019-12-01,4,FOOD,12,2019
4711,2019-12-11,1.99,FOOD,12,2019
4711,2019-12-09,4.49,FOOD,12,2019
4711,2019-12-04,2.99,FOOD,12,2019
4711,2019-12-11,2.29,FOOD,12,2019
4711,2019-12-11,2.99,FOOD,12,2019
4711,2019-12-09,15.92,FOOD,12,2019
4711,2019-12-11,6.99,FOOD,12,2019
4711,2019-12-01,3.34,FOOD,12,2019
4711,2019-12-04,6.99,FOOD,12,2019
4711,2019-12-09,1.99,NON-FOOD,12,2019
4711,2019-12-09,2.99,FOOD,12,2019
4711,2019-12-09,8.97,FOOD,12,2019
4711,2019-12-04,2.99,FOOD,12,2019
4711,2019-12-11,3.35,FOOD,12,2019
4711,2019-12-09,3.28,FOOD,12,2019
4711,2019-12-11,2.79,FOOD,12,2019
4711,2019-12-04,1.99,FOOD,12,2019
4711,2019-12-04,2.79,FOOD,12,2019
4711,2019-12-09,3.39,FOOD,12,2019
4711,2019-12-11,2,FOOD,12,2019
4711,2019-12-09,1,FOOD,12,2019
4711,2019-12-01,4.99,FOOD,12,2019
4711,2019-12-09,1.54,FOOD,12,2019
4711,2019-12-16,5.99,NON-FOOD,12,2019
4711,2019-12-09,5.89,FOOD,12,2019
4711,2019-12-01,1.69,FOOD,12,2019
4711,2019-12-01,0,NON-FOOD,12,2019
4711,2019-12-01,1.69,FOOD,12,2019
4711,2019-12-09,1.79,FOOD,12,2019
4711,2019-12-04,4.99,NON-FOOD,12,2019
4711,2020-01-17,3.98,FOOD,1,2020
4711,2020-01-03,1.98,FOOD,1,2020
4711,2020-01-31,3.59,FOOD,1,2020
4711,2020-01-10,7.52,FOOD,1,2020
4711,2020-01-31,3.99,NON-FOOD,1,2020
4711,2020-01-31,9.98,NON-FOOD,1,2020
4711,2020-01-03,3.99,NON-FOOD,1,2020
4711,2020-01-31,4.93,FOOD,1,2020
4711,2020-01-08,2,NON-FOOD,1,2020
4711,2020-01-31,3.18,FOOD,1,2020
4711,2020-01-31,2.49,NON-FOOD,1,2020
4711,2020-01-31,1.99,FOOD,1,2020
4711,2020-01-08,2.5,FOOD,1,2020
4711,2020-01-03,3.98,FOOD,1,2020
4711,2020-01-04,2.99,FOOD,1,2020
4711,2020-01-15,5.99,FOOD,1,2020
4711,2020-01-10,4,FOOD,1,2020
4711,2020-01-10,3.99,FOOD,1,2020
4711,2020-01-03,2.49,FOOD,1,2020
4711,2020-01-04,5,FOOD,1,2020
4711,2020-01-31,5.98,FOOD,1,2020
4711,2020-01-08,5,FOOD,1,2020
4711,2020-01-31,2.49,FOOD,1,2020
4711,2020-01-08,2,FOOD,1,2020
4711,2020-01-04,2,FOOD,1,2020
4711,2020-01-15,1.99,FOOD,1,2020
4711,2020-01-31,1.99,FOOD,1,2020
4711,2020-01-04,1.29,FOOD,1,2020
4711,2020-01-17,1.49,FOOD,1,2020
4711,2020-01-10,1,FOOD,1,2020
4711,2020-01-10,12.99,NON-FOOD,1,2020
4711,2020-01-03,1.99,FOOD,1,2020
4711,2020-01-03,9.99,PHARMA,1,2020
4711,2020-01-04,2.99,FOOD,1,2020
4711,2020-01-17,2.79,FOOD,1,2020
4711,2020-01-10,1,FOOD,1,2020
4711,2020-01-03,1,FOOD,1,2020
4711,2020-01-08,1.99,FOOD,1,2020
4711,2020-01-03,9.8,FOOD,1,2020
4711,2020-01-17,7.99,FOOD,1,2020
4711,2020-01-08,2.88,FOOD,1,2020
4711,2020-01-08,2,FOOD,1,2020
4711,2020-01-04,2,FOOD,1,2020
4711,2020-01-31,4.98,NON-FOOD,1,2020
4711,2020-01-17,3.39,FOOD,1,2020
4711,2020-02-05,3.99,FOOD,2,2020
4711,2020-02-08,3.99,FOOD,2,2020
4711,2020-02-14,2,FOOD,2,2020
4711,2020-02-14,2,FOOD,2,2020
4711,2020-02-05,2,FOOD,2,2020
4711,2020-02-05,3.99,FOOD,2,2020
4711,2020-02-20,4.99,FOOD,2,2020
4711,2020-02-16,3.59,FOOD,2,2020
4711,2020-02-05,2.53,FOOD,2,2020
4711,2020-02-08,4.99,FOOD,2,2020
4711,2020-02-20,2.49,FOOD,2,2020
4711,2020-02-14,2.19,FOOD,2,2020
4711,2020-02-16,1.99,FOOD,2,2020
4711,2020-02-08,4.99,NON-FOOD,2,2020
4711,2020-02-20,4.49,FOOD,2,2020
4711,2020-02-20,2.49,FOOD,2,2020
4711,2020-02-05,2.79,FOOD,2,2020
4711,2020-02-14,5.98,NON-FOOD,2,2020
4711,2020-02-05,3.99,FOOD,2,2020
4711,2020-02-05,1.35,FOOD,2,2020
4711,2020-02-14,.86,FOOD,2,2020
4711,2020-02-05,2,FOOD,2,2020
4711,2020-02-05,2.29,NON-FOOD,2,2020
4711,2020-02-08,3.69,FOOD,2,2020
4711,2020-02-16,9.19,FOOD,2,2020
4711,2020-02-16,1.5,FOOD,2,2020
4711,2020-02-20,1,FOOD,2,2020
4711,2020-02-20,4.29,FOOD,2,2020
4711,2020-02-05,10.25,FOOD,2,2020
4711,2020-02-20,2.99,FOOD,2,2020
4711,2020-02-14,2.49,FOOD,2,2020
4711,2020-02-05,2,FOOD,2,2020
4711,2020-02-14,3.39,FOOD,2,2020
4711,2020-02-20,1.79,FOOD,2,2020
4711,2020-02-20,2.19,FOOD,2,2020
4711,2020-02-16,1.99,FOOD,2,2020
4711,2020-02-08,5.99,NON-FOOD,2,2020
4711,2020-02-05,3.99,FOOD,2,2020
4711,2020-02-05,3.29,FOOD,2,2020
4711,2020-02-20,.99,FOOD,2,2020
4711,2020-02-08,7.47,NON-FOOD,2,2020
4711,2020-02-08,2.5,FOOD,2,2020
4711,2020-02-16,2.29,FOOD,2,2020
4711,2020-02-20,7.55,FOOD,2,2020
4711,2020-02-14,2.69,FOOD,2,2020
